{"question_q1": {"0": {"q": [3.8212593425706647, 5.0119152480887, 3.7921922310016782], "j_e": [[0.0, 0.6285338401794434, 0.6285338401794434], [0.0, -0.7777822613716125, -0.7777822613716125], [1.0, 6.123234262925839e-17, 6.123234262925839e-17], [-0.11297526729294112, -0.16007736545040166, 0.15576248064447534], [0.31322126791152416, -0.12936016444360285, 0.12587326167955923], [0.0, 0.3146267246628403, 0.4400304567188642]]}, "1": {"q": [5.873241869916757, 0.6451176273106696, 1.8521078792853016], "j_e": [[0.0, 0.3985574543476105, 0.3985574543476105], [0.0, 0.9171433448791504, 0.9171433448791504], [1.0, 6.123234262925839e-17, 6.123234262925839e-17], [-0.13806051710426206, -0.42755776267514145, -0.1931824385910294], [-0.04421266621726794, 0.18580119937611078, 0.08395012773019639], [0.0, 0.09557440082351995, 0.4351617376673808]]}, "2": {"q": [2.5564806013413333, 1.596667221679256, 5.839487810961239], "j_e": [[0.0, -0.5522928237915039, -0.5522928237915039], [0.0, -0.8336502313613892, -0.8336502313613892], [1.0, 6.123234262925839e-17, 6.123234262925839e-17], [0.03756143719873329, 0.7471265652955384, 0.39294377786743645], [-0.14066252614174105, -0.4949709421934332, -0.2603250386139811], [0.0, -0.09651843524578424, -0.10751233949284078]]}, "3": {"q": [5.909444214867371, 2.917863830874078, 6.115401221704506], "j_e": [[0.0, 0.36510083079338074, 0.36510083079338074], [0.0, 0.9309679865837097, 0.9309679865837097], [1.0, 6.123234262925839e-17, 6.123234262925839e-17], [-0.425840760577091, -0.17629461221364445, -0.08851038741209646], [-0.787300667131998, 0.06913804804372926, 0.0347114148324097], [0.0, 0.8884265323882686, 0.47401883654839966]]}, "4": {"q": [0.5683629913310765, 3.972221848501292, 3.120630289802534], "j_e": [[0.0, -0.538253128528595, -0.538253128528595], [0.0, 0.8427832126617432, 0.8427832126617432], [1.0, 6.123234262925839e-17, 6.123234262925839e-17], [-0.07747643419608298, -0.0791028857317849, -0.3435693009763463], [-0.08119629670963455, -0.050519961813551104, -0.21942445974077876], [0.0, 0.02672894270390045, -0.2598958661945755]]}, "5": {"q": [2.3496044986860247, 5.889392358497999, 1.6404335542179536], "j_e": [[0.0, -0.7117512226104736, -0.7117512226104736], [0.0, -0.7024316191673279, -0.7024316191673279], [1.0, 6.123234262925839e-17, 6.123234262925839e-17], [-0.24758363442677825, 0.2221602295280121, 0.3367056601901228], [-0.3974852003021655, -0.22510776945010968, -0.34117294660549563], [0.0, -0.4554241273449037, -0.06295347136637613]]}, "6": {"q": [1.3043110075468598, 2.554535399979405, 3.296151014649484], "j_e": [[0.0, -0.9647024273872375, -0.9647024273872375], [0.0, 0.2633424401283264, 0.2633424401283264], [1.0, 6.123234262925839e-17, 6.123234262925839e-17], [-0.14049508205433364, -0.03186360134775699, 0.030130680480256602], [-0.07463615689432662, -0.11672593885930953, 0.11037772940802269], [0.0, -0.11588107901543218, -0.46972516253433894]]}, "7": {"q": [2.3824261690152597, 1.8796055712646678, 5.580901372300777], "j_e": [[0.0, -0.688317060470581, -0.688317060470581], [0.0, -0.725409984588623, -0.725409984588623], [1.0, 6.123234262925839e-17, 6.123234262925839e-17], [0.10189747490056421, 0.6374375346493777, 0.3437220339381843], [-0.0509685972743667, -0.6048429707405975, -0.32614624149882543], [0.0, 0.03316464102962909, -0.09600324054688604]]}, "8": {"q": [1.9785498283650786, 2.9118273718535863, 0.02900201096315205], "j_e": [[0.0, -0.9180139899253845, -0.9180139899253845], [0.0, -0.39654800295829773, -0.39654800295829773], [1.0, 6.123234262925839e-17, 6.123234262925839e-17], [0.8669371805331277, 0.0397621922709553, 0.0013789959179573265], [0.25575015305514986, -0.09205001286736678, -0.003192394200174358], [-0.0, 0.8972776725661786, 0.4834467232305231]]}, "9": {"q": [5.617062773273474, 2.3102313342472334, 2.16016110470152], "j_e": [[0.0, 0.6179420948028564, 0.6179420948028564], [0.0, 0.7862235903739929, 0.7862235903739929], [1.0, 6.123234262925839e-17, 6.123234262925839e-17], [-0.27713558439449837, 0.1327785866539596, 0.3796614413962159], [-0.17621480237404935, -0.10435896224238313, -0.29839957651315224], [0.0, 0.3097979781647188, 0.023402988660642735]]}}, "question_q2": {"0": {"q": [1.1073441392410357, 3.9222041648520354, 0.286652458672706], "flag": false}, "1": {"q": [2.929623811365105, 5.197970861251823, 5.518781791921461], "flag": false}, "2": {"q": [2.0545583781292787, 3.1869313577672735, 0.7520800983657558], "flag": false}, "3": {"q": [5.870736111086283, 2.3018419893806055, 4.81965209906061], "flag": false}, "4": {"q": [2.2282290366649384, 4.693299714564187, 3.9439289360943657], "flag": false}, "5": {"q": [3.0930014929529737, 3.8450841535122415, 5.621031715739116], "flag": false}, "6": {"q": [1.560445862123347, 1.3996595684070352, 4.553370084701333], "flag": false}, "7": {"q": [0.01279891171232295, 2.7483509261976495, 3.76249881948602], "flag": false}, "8": {"q": [5.14169351320694, 0.6719443042873005, 3.672035620818368], "flag": false}, "9": {"q": [3.1374321176951665, 5.668759349057154, 0.8985620903977458], "flag": false}}, "question_q3": {"0": {"q": [5.9153979593612895, 0.5906758658199125, 3.3638655377867686], "w": [3.4525753893948186, 3.026568921902583, 2.192853663597396, 7.283735343995331, 9.335983738032553, 2.855558372878877], "tau": [1.1532544635375397, 2.360381443121005, -1.2422623046883552]}, "1": {"q": [4.510824890666215, 0.9843078072189368, 2.694744546470446], "w": [4.909939294527174, 9.898015997448589, 2.1772347691206884, 0.9299017804338894, 4.464800116062443, 3.3047820028104455], "tau": [-6.9452572394634915, 4.802520571295482, 2.4843592734914073]}, "2": {"q": [2.6991423595023396, 5.249597943887401, 1.6608490182563607], "w": [0.6326448617231606, 7.837089574193618, 0.9633825542878349, 0.6280063280378079, 5.128499241911674, 7.668935091320427], "tau": [5.118413660545134, 0.9284255335817677, -2.513680075007788]}, "3": {"q": [2.1089971739664244, 4.222300855159714, 5.705980458244281], "w": [7.318177054242899, 1.5953254571807873, 3.2747381401745947, 6.829086129266397, 5.966778298217355, 2.4268685203123486], "tau": [-3.1693412695078638, 1.5737854607914925, 4.261659916656079]}, "4": {"q": [4.705396531959857, 0.6221573216124171, 2.9395290272516235], "w": [6.714348124072035, 5.63755773157062, 7.8110037835857815, 7.26971858709449, 4.9526416323707645, 7.9872703403500145], "tau": [-1.3092491972143039, 6.365163360899735, 3.621850346302023]}, "5": {"q": [4.732569928940208, 1.3000273447389203, 2.330313883334259], "w": [1.318543127147167, 0.9984529177974888, 8.491871145827508, 4.508354780974356, 4.6408073788860715, 1.8526740359126992], "tau": [2.3422358694314958, 0.8735935767184222, -1.0554937580904298]}, "6": {"q": [1.7771023188274138, 5.903944568752438, 0.7459907248971398], "w": [7.0259288924915095, 5.397595516164473, 0.7222212472278711, 4.4074241133178145, 7.299599149880227, 4.568322268204633], "tau": [7.5745615502726364, 2.177246522125518, 3.137925915792192]}, "7": {"q": [1.6075861564683707, 3.013186322099687, 6.131804314681202], "w": [2.775334258524863, 1.466573101283486, 9.402510371457689, 2.1318918212814877, 0.9706679792998352, 3.19666672429187], "tau": [-5.625838297668675, 1.4048350590681484, 2.017530172889419]}, "8": {"q": [1.124643165290023, 5.100837559288304, 0.5624690649020342], "w": [1.2117075179588799, 3.5578725177435944, 8.834696477805986, 3.538105147500692, 5.3425099376311564, 3.5449765243109335], "tau": [10.179073975595129, -2.7699455716168155, -1.652622480438966]}, "9": {"q": [4.135669991710428, 3.5445674979480395, 2.0137578215919785], "w": [3.241776438970839, 1.6533645665898733, 0.0266429065756546, 1.8582527777445834, 3.277772623815538, 1.4197867762727012], "tau": [1.4244507334421024, 2.696921149295736, 1.554662680221991]}}}